{
   "BodyDefs" : [
      {
         "AttachThetaX" : 0,
         "AttachThetaY" : 0.0,
         "AttachThetaZ" : 0.0,
         "AttachX" : 0.0,
         "AttachY" : 0.0,
         "AttachZ" : 0.0,
         "BottomScale" : 1.0,
         "ColGroup" : 1,
         "ColorA" : 1.0,
         "ColorB" : 0.89999997615814209,
         "ColorG" : 0.89999997615814209,
         "ColorR" : 0.89999997615814209,
         "EnableFallContact" : 0,
         "ID" : 0,
         "Mass" : 1,
         "Name" : "root",
         "Param0" : 0.2,
         "Param1" : 0.2,
         "Param2" : 0.5,
         "Shape" : "box",
         "TopScale" : 1.0
      },
      {
         "AttachThetaX" : 0,
         "AttachThetaY" : 0,
         "AttachThetaZ" : 0,
         "AttachX" : 0.0,
         "AttachY" : 0.5,
         "AttachZ" : 0.0,
         "BottomScale" : 1.0,
         "ColGroup" : 1,
         "ColorA" : 1.0,
         "ColorB" : 0.89999997615814209,
         "ColorG" : 0.89999997615814209,
         "ColorR" : 0.89999997615814209,
         "EnableFallContact" : 0,
         "ID" : 1,
         "Mass" : 1,
         "Name" : "LeftLeg",
         "Param0" : 0.2,
         "Param1" : 1.0,
         "Param2" : 0.2,
         "Shape" : "box",
         "TopScale" : 1.0
      }
   ],
   "DrawShapeDefs" : [
      {
         "AttachThetaX" : 0.0,
         "AttachThetaY" : 0.0,
         "AttachThetaZ" : 0.0,
         "AttachX" : 0.0,
         "AttachY" : 0.0,
         "AttachZ" : 0.0,
         "BottomScale" : 1.0,
         "ColorA" : 1.0,
         "ColorB" : 0.44999998807907104,
         "ColorG" : 0.89999997615814209,
         "ColorR" : 0.44999998807907104,
         "ID" : 0,
         "Name" : "root_joint",
         "Param0" : 0.040000000000000001,
         "Param1" : 0.040000000000000001,
         "Param2" : 0.040000000000000001,
         "ParentJoint" : 0,
         "Shape" : "sphere",
         "TopScale" : 1.0
      },
      {
         "AttachThetaX" : 0.0,
         "AttachThetaY" : 0.0,
         "AttachThetaZ" : 0.0,
         "AttachX" : 0.0,
         "AttachY" : 0.0,
         "AttachZ" : 0.0,
         "BottomScale" : 1.0,
         "ColorA" : 1.0,
         "ColorB" : 0.89999997615814209,
         "ColorG" : 0.89999997615814209,
         "ColorR" : 0.89999997615814209,
         "ID" : 0,
         "Name" : "root",
         "Param0" : 0.2,
         "Param1" : 0.2,
         "Param2" : 0.5,
         "ParentJoint" : 0,
         "Shape" : "box",
         "TopScale" : 1.0
      },
      {
         "AttachThetaX" : 0.0,
         "AttachThetaY" : 0.0,
         "AttachThetaZ" : 0.0,
         "AttachX" : 0.0,
         "AttachY" : 0.0,
         "AttachZ" : 0.0,
         "BottomScale" : 1.0,
         "ColorA" : 1.0,
         "ColorB" : 0.44999998807907104,
         "ColorG" : 0.89999997615814209,
         "ColorR" : 0.44999998807907104,
         "ID" : 1,
         "Name" : "LeftLeg_joint",
         "Param0" : 0.040000000000000001,
         "Param1" : 0.040000000000000001,
         "Param2" : 0.040000000000000001,
         "ParentJoint" : 1,
         "Shape" : "sphere",
         "TopScale" : 1.0
      },
      {
         "AttachThetaX" : 0,
         "AttachThetaY" : 0,
         "AttachThetaZ" : 0,
         "AttachX" : 0.0,
         "AttachY" : -0.5,
         "AttachZ" : 0.0,
         "BottomScale" : 1.0,
         "ColorA" : 1.0,
         "ColorB" : 0.89999997615814209,
         "ColorG" : 0.89999997615814209,
         "ColorR" : 0.89999997615814209,
         "ID" : 1,
         "Name" : "LeftLeg",
         "Param0" : 0.2,
         "Param1" : 1.0,
         "Param2" : 0.2,
         "ParentJoint" : 1,
         "Shape" : "box",
         "TopScale" : 1.0
      }
   ],
   "Skeleton" : {
      "Joints" : [
         {
            "AttachThetaX" : 0.0,
            "AttachThetaY" : 0.0,
            "AttachThetaZ" : 0.0,
            "AttachX" : 0.0,
            "AttachY" : 0.0,
            "AttachZ" : 0.0,
            "DiffWeight" : 1.0,
            "ID" : 0,
            "IsEndEffector" : 0.0,
            "LimHigh0" : 0.0,
            "LimHigh1" : 0.0,
            "LimHigh2" : 0.0,
            "LimLow0" : 0.0,
            "LimLow1" : 0.0,
            "LimLow2" : 0.0,
            "Name" : "root",
            "Parent" : -1,
            "TorqueLim" : 0.0,
            "Type" : "limit_none"
         },
         {
            "AttachThetaX" : 0.0,
            "AttachThetaY" : 3.14,
            "AttachThetaZ" : 0.0,
            "AttachX" : 0.0,
            "AttachY" : 0.0,
            "AttachZ" : 0.0,
            "DiffWeight" : 1.0,
            "ID" : 1,
            "IsEndEffector" : 0.0,
            "LimHigh0" : 3.0,
            "LimHigh1" : 0.0,
            "LimHigh2" : 0.0,
            "LimLow0" : -3.0,
            "LimLow1" : 0.0,
            "LimLow2" : 0.0,
            "Name" : "LeftLeg",
            "Parent" : 0,
            "TorqueLim" : 200.0,
            "Type" : "revolute"
         }
      ]
   }
}
