{
    "pose": [
        0.0,
        1.80,
        0.0,
        0.000765449,
        0.00294151,
        -0.0166626,
        1,
        1,
        1,
        1,
        1,
        1,
        1,
        1,
        1,
        1,
        1,
        1,
        1,
        1,
        0
    ],
    "vel": [
        0.0,
        0.0,
        0.0,
        0.0,
        0.0,
        0.0,
        1,
        1,
        1,
        1,
        1,
        1,
        1,
        1,
        1,
        1,
        1,
        1,
        1,
        1,
        0
    ]
}