{
    "pose": [
        0.00140865,
        1.79177,
        -0.00345032,
        0.386806,
        0.4534,
        0.468654,
        1.27019,
        -0.450495,
        -0.332479,
        0.985064,
        0.467714,
        0.122159,
        1.07043,
        -0.180975,
        -0.116359,
        1.46733,
        0.293105,
        0.465714,
        0.855496,
        0.566188,
        -0.607858
    ],
    "vel": [
        0.0,
        0.0,
        0.0,
        0.0,
        0.0,
        0.0,
        1,
        1,
        1,
        1,
        1,
        1,
        1,
        1,
        1,
        1,
        1,
        1,
        1,
        1,
        0
    ]
}