{
   "BodyDefs": [
      {
         "AttachThetaX": 0.0104,
         "AttachThetaY": 0.0,
         "AttachThetaZ": 0.0,
         "AttachX": 0.0,
         "AttachY": 0.0,
         "AttachZ": 0.0,
         "BottomScale": 1.0,
         "ColGroup": 1,
         "ColorA": 1.0,
         "ColorB": 0.89999997615814209,
         "ColorG": 0.89999997615814209,
         "ColorR": 0.89999997615814209,
         "EnableFallContact": 0,
         "ID": 0,
         "Mass": 12,
         "Name": "root",
         "Param0": 0.27000000000000002,
         "Param1": 0.12809999999999999,
         "Param2": 0.10000000000000001,
         "Shape": "box",
         "TopScale": 1.0
      },
      {
         "AttachThetaX": 0.0,
         "AttachThetaY": 0.0,
         "AttachThetaZ": 0.0,
         "AttachX": -0.0001,
         "AttachY": -0.17280000000000001,
         "AttachZ": 0.0025999999999999999,
         "BottomScale": 1.0,
         "ColGroup": 1,
         "ColorA": 1.0,
         "ColorB": 0.89999997615814209,
         "ColorG": 0.89999997615814209,
         "ColorR": 0.89999997615814209,
         "EnableFallContact": 0,
         "ID": 1,
         "Mass": 5,
         "Name": "RightLeg",
         "Param0": 0.080000000000000002,
         "Param1": 0.39559999999999997,
         "Param2": 0.080000000000000002,
         "Shape": "box",
         "TopScale": 1.0
      }
   ],
   "DrawShapeDefs": [
      {
         "AttachThetaX": 0.0,
         "AttachThetaY": 0.0,
         "AttachThetaZ": 0.0,
         "AttachX": 0.0,
         "AttachY": 0.0,
         "AttachZ": 0.0,
         "BottomScale": 1.0,
         "ColorA": 1.0,
         "ColorB": 0.44999998807907104,
         "ColorG": 0.89999997615814209,
         "ColorR": 0.44999998807907104,
         "ID": 0,
         "Name": "root_joint",
         "Param0": 0.040000000000000001,
         "Param1": 0.040000000000000001,
         "Param2": 0.040000000000000001,
         "ParentJoint": 0,
         "Shape": "sphere",
         "TopScale": 1.0
      },
      {
         "AttachThetaX": 0.0104,
         "AttachThetaY": 0.0,
         "AttachThetaZ": 0.0,
         "AttachX": 0.0,
         "AttachY": 0.0,
         "AttachZ": 0.0,
         "BottomScale": 1.0,
         "ColorA": 1.0,
         "ColorB": 0.89999997615814209,
         "ColorG": 0.89999997615814209,
         "ColorR": 0.89999997615814209,
         "ID": 0,
         "Name": "root",
         "Param0": 0.27000000000000002,
         "Param1": 0.12809999999999999,
         "Param2": 0.10000000000000001,
         "ParentJoint": 0,
         "Shape": "box",
         "TopScale": 1.0
      },
      {
         "AttachThetaX": 0.0,
         "AttachThetaY": 0.0,
         "AttachThetaZ": 0.0,
         "AttachX": 0.0,
         "AttachY": 0.0,
         "AttachZ": 0.0,
         "BottomScale": 1.0,
         "ColorA": 1.0,
         "ColorB": 0.44999998807907104,
         "ColorG": 0.89999997615814209,
         "ColorR": 0.44999998807907104,
         "ID": 1,
         "Name": "RightLeg_joint",
         "Param0": 0.040000000000000001,
         "Param1": 0.040000000000000001,
         "Param2": 0.040000000000000001,
         "ParentJoint": 1,
         "Shape": "sphere",
         "TopScale": 1.0
      },
      {
         "AttachThetaX": 0.0,
         "AttachThetaY": 0.0,
         "AttachThetaZ": 0.0,
         "AttachX": -0.0001,
         "AttachY": -0.17280000000000001,
         "AttachZ": 0.0025999999999999999,
         "BottomScale": 1.0,
         "ColorA": 1.0,
         "ColorB": 0.89999997615814209,
         "ColorG": 0.89999997615814209,
         "ColorR": 0.89999997615814209,
         "ID": 1,
         "Name": "RightLeg",
         "Param0": 0.080000000000000002,
         "Param1": 0.39559999999999997,
         "Param2": 0.080000000000000002,
         "ParentJoint": 1,
         "Shape": "box",
         "TopScale": 1.0
      }
   ],
   "Skeleton": {
      "Joints": [
         {
            "AttachThetaX": 0.0,
            "AttachThetaY": 0.0,
            "AttachThetaZ": 0.0,
            "AttachX": 0.0,
            "AttachY": 0.0,
            "AttachZ": 0.0,
            "DiffWeight": 1.0,
            "ID": 0,
            "IsEndEffector": 0.0,
            "LimHigh0": 1.57,
            "LimHigh1": 1.57,
            "LimHigh2": 1.57,
            "LimLow0": -1.57,
            "LimLow1": -1.57,
            "LimLow2": -1.57,
            "Name": "root",
            "Parent": -1,
            "TorqueLim": 100.0,
            "Type": "none"
         },
         {
            "AttachThetaX": 0.0,
            "AttachThetaY": -0.0,
            "AttachThetaZ": 0.0,
            "AttachX": -0.0848,
            "AttachY": -0.048000000000000001,
            "AttachZ": -0.0038,
            "DiffWeight": 1.0,
            "ID": 1,
            "IsEndEffector": 0.0,
            "LimHigh0": 1.9,
            "LimHigh1": 1,
            "LimHigh2": 0.25,
            "LimLow0": -1.3,
            "LimLow1": -1,
            "LimLow2": -1,
            "Name": "RightLeg",
            "Parent": 0,
            "TorqueLim": 200.0,
            "Type": "spherical"
         }
      ]
   }
}