{
    "pose": [
        0.144098,
        -0.0101226,
        -0.101439,
        1.02442,
        -2.87872
    ],
    "vel": [
        -0.177773,
        -0.151742,
        1.51688,
        -1.2211,
        -10.4563
    ]
}