{
	"epoch": 0,
	"list": [
		{
			"char_pose": [
				0.75,
				0,
				0,
				0.9110387329540337,
				-0.41232078174342474,
				-0.0,
				-0.0,
				1.2,
				-0.2,
				1.0,
				0.0,
				0.0,
				0.0,
				0.05,
				-0.1
			],
			"contact_info": [],
			"contact_num": 0,
			"frame_id": 0,
			"motion_ref_time": 0.0,
			"reward": 0.0,
			"timestep": 1.0,
			"truth_action": [
				0.0,
				0.0,
				0.0,
				0.0,
				0.0,
				0.0
			],
			"truth_joint_force": [
				0.0,
				0.0,
				0.0,
				0.0,
				0.0,
				0.0,
				0.0,
				0.0,
				0.0,
				0.0,
				0.0,
				0.0,
				0.0,
				0.0,
				0.0,
				0.0,
				0.0,
				0.0,
				0.0,
				0.0,
				0.0,
				0.0,
				0.0,
				0.0
			]
		},
		{
			"char_pose": [
				0.75,
				0,
				0,
				0.7960837985490559,
				0.6051864057360395,
				0.0,
				0.0,
				-0.05,
				-0.2,
				1.0,
				0.0,
				0.0,
				0.0,
				0.1,
				-0.2
			],
			"contact_info": [],
			"contact_num": 0,
			"frame_id": 1,
			"motion_ref_time": 1.0,
			"reward": 0.0,
			"timestep": 1.0,
			"truth_action": [
				0.0,
				0.0,
				0.0,
				0.0,
				0.0,
				0.0
			],
			"truth_joint_force": [
				0.0,
				0.0,
				0.0,
				0.0,
				0.0,
				0.0,
				0.0,
				0.0,
				0.0,
				0.0,
				0.0,
				0.0,
				0.0,
				0.0,
				0.0,
				0.0,
				0.0,
				0.0,
				0.0,
				0.0,
				0.0,
				0.0,
				0.0,
				0.0
			]
		},
		{
			"char_pose": [
				0.75,
				0,
				0,
				1.0,
				0.0,
				0.0,
				0.0,
				0.05,
				-0.1,
				0.9110387329540337,
				-0.41232078174342474,
				-0.0,
				-0.0,
				1.2,
				-0.2
			],
			"contact_info": [],
			"contact_num": 0,
			"frame_id": 2,
			"motion_ref_time": 2.0,
			"reward": 0.0,
			"timestep": 1.0,
			"truth_action": [
				0.0,
				0.0,
				0.0,
				0.0,
				0.0,
				0.0
			],
			"truth_joint_force": [
				0.0,
				0.0,
				0.0,
				0.0,
				0.0,
				0.0,
				0.0,
				0.0,
				0.0,
				0.0,
				0.0,
				0.0,
				0.0,
				0.0,
				0.0,
				0.0,
				0.0,
				0.0,
				0.0,
				0.0,
				0.0,
				0.0,
				0.0,
				0.0
			]
		},
		{
			"char_pose": [
				0.75,
				0,
				0,
				1.0,
				0.0,
				0.0,
				0.0,
				0.1,
				-0.2,
				0.7960837985490559,
				0.6051864057360395,
				0.0,
				0.0,
				-0.05,
				-0.2
			],
			"contact_info": [],
			"contact_num": 0,
			"frame_id": 3,
			"motion_ref_time": 3.0,
			"reward": 0.0,
			"timestep": 1.0,
			"truth_action": [
				0.0,
				0.0,
				0.0,
				0.0,
				0.0,
				0.0
			],
			"truth_joint_force": [
				0.0,
				0.0,
				0.0,
				0.0,
				0.0,
				0.0,
				0.0,
				0.0,
				0.0,
				0.0,
				0.0,
				0.0,
				0.0,
				0.0,
				0.0,
				0.0,
				0.0,
				0.0,
				0.0,
				0.0,
				0.0,
				0.0,
				0.0,
				0.0
			]
		}
	],
	"version": 2
}